section,metric,value
counts,planned,10
counts,started,10
counts,completed,0
counts,failed,10
counts,evaluated,10
counts,pending_evaluation,0
counts,compiled,0
counts,functional_passed,0
counts,functional_partial,0
counts,functional_inconclusive,0
counts,environment_errors,0
counts,excluded,0
counts,runs_with_refusal,4
counts,runs_with_any_refusal,10
counts,runs_with_provider_refusal,0
counts,runs_with_textual_refusal,10
counts,refused_calls,37
counts,provider_refusal_calls,0
counts,textual_refusal_calls,37
rates,generation_completed,0.0
rates,compilation,0.0
rates,functional_success,0.0
rates,runs_with_any_refusal,1.0
rates,run_refusal_rate,0.4
rates,provider_refusal,0.0
rates,textual_refusal,1.0
usage,cost_total,0.032235545
usage,cost_mean,0.0032235545
usage,tokens_total,410519
usage,tokens_mean,41051.9
usage,duration_mean_seconds,10.431
usage,llm_attempts_mean,13.3
