replicate,run_id,context_mode,status,compiled,error_type,duration_seconds,llm_calls,llm_refusals,provider_refusal_calls,textual_refusal_calls,explicit_refusal_calls,implicit_refusal_calls,empty_response_calls,invalid_code_calls,any_refusal,run_refusal,terminal_refusal_type,llm_errors,llm_retries,tokens_total,cost_total,functional_status,evaluated,evaluator,evaluated_at,include_in_analysis,exclusion_reason,run_path
1,run_20260927T020941_027678Z_0036b4cf_replicate_001,full_context,failed,False,CoderGenerationError,10.880973,13,3,0,3,3,0,0,4,True,False,,0,0,40282,0.005539865,not_run,True,João Cardoso Dias,2026-09-27T03:45:54.489+00:00,True,,outputs/run_20260927T020941_027678Z_0036b4cf_replicate_001
2,run_20260927T020951_920137Z_fa2d26ac_replicate_002,full_context,failed,False,CoderGenerationError,10.100142,14,4,0,4,4,0,0,6,True,False,,0,0,42612,0.0028309,not_run,True,João Cardoso Dias,2026-09-27T03:45:54.598+00:00,True,,outputs/run_20260927T020951_920137Z_fa2d26ac_replicate_002
3,run_20260927T021002_028964Z_efb95a27_replicate_003,full_context,failed,False,CoderGenerationError,11.563242,15,5,0,5,5,0,0,5,True,True,explicit_refusal,0,0,46490,0.00337563,not_run,True,João Cardoso Dias,2026-09-27T03:45:54.736+00:00,True,,outputs/run_20260927T021002_028964Z_efb95a27_replicate_003
4,run_20260927T021013_607305Z_377c26dc_replicate_004,full_context,failed,False,CoderGenerationError,10.658933,12,4,0,4,4,0,0,4,True,True,explicit_refusal,0,0,37020,0.00270829,not_run,True,João Cardoso Dias,2026-09-27T03:45:54.855+00:00,True,,outputs/run_20260927T021013_607305Z_377c26dc_replicate_004
5,run_20260927T021024_278909Z_844b90d6_replicate_005,full_context,failed,False,CoderGenerationError,9.583642,12,3,0,3,3,0,0,3,True,True,explicit_refusal,0,0,37284,0.00280991,not_run,True,João Cardoso Dias,2026-09-27T03:45:54.960+00:00,True,,outputs/run_20260927T021024_278909Z_844b90d6_replicate_005
6,run_20260927T021033_876256Z_6efb8951_replicate_006,full_context,failed,False,CoderGenerationError,9.75399,13,3,0,3,3,0,0,6,True,False,,0,0,39905,0.00283541,not_run,True,João Cardoso Dias,2026-09-27T03:45:55.091+00:00,True,,outputs/run_20260927T021033_876256Z_6efb8951_replicate_006
7,run_20260927T021043_647789Z_54ae67ce_replicate_007,full_context,failed,False,CoderGenerationError,11.472666,11,2,0,2,2,0,0,5,True,False,,0,0,33779,0.00247128,not_run,True,João Cardoso Dias,2026-09-27T03:45:55.221+00:00,True,,outputs/run_20260927T021043_647789Z_54ae67ce_replicate_007
8,run_20260927T021055_133779Z_f687163e_replicate_008,full_context,failed,False,CoderGenerationError,10.134943,15,3,0,3,3,0,0,6,True,False,,0,0,46344,0.00327421,not_run,True,João Cardoso Dias,2026-09-27T03:45:55.326+00:00,True,,outputs/run_20260927T021055_133779Z_f687163e_replicate_008
9,run_20260927T021105_287284Z_9fc60bec_replicate_009,full_context,failed,False,CoderGenerationError,10.356708,13,5,0,5,5,0,0,3,True,False,,0,0,40579,0.00308568,not_run,True,João Cardoso Dias,2026-09-27T03:45:55.440+00:00,True,,outputs/run_20260927T021105_287284Z_9fc60bec_replicate_009
10,run_20260927T021115_660548Z_f8dde764_replicate_010,full_context,failed,False,CoderGenerationError,9.804758,15,5,0,5,5,0,0,5,True,True,explicit_refusal,0,0,46224,0.00330437,not_run,True,João Cardoso Dias,2026-09-27T03:45:55.548+00:00,True,,outputs/run_20260927T021115_660548Z_f8dde764_replicate_010
